{"Epoch": 199, "D Loss": 1.3879433870315552, "G Loss": 1.0273017883300781, "D(x)": 0.573756992816925, "D(G(z))": 0.45835351943969727, "Time Elapsed": 10.11060905456543, "_timestamp": 1738160999.8458133, "_runtime": 1876.4036092758179, "_step": 799, "_wandb": {"runtime": 1876}}