{"Epoch": 31, "D Loss": 1.4759931564331055, "G Loss": 1.4554170370101929, "_timestamp": 1738156215.346532, "_runtime": 221.2053999900818, "_step": 124, "_wandb": {"runtime": 223}}