{"Epoch": 199, "D Loss": 1.2031991481781006, "G Loss": 0.9978576302528381, "D(x)": 0.5756674408912659, "D(G(z))": 0.41620010137557983, "Time Elapsed": 6.720992803573608, "_timestamp": 1738157939.194253, "_runtime": 1334.5560839176178, "_step": 799, "_wandb": {"runtime": 1333}}